<?xml version="1.0" encoding="UTF-8"?>
<project-private xmlns="http://www.netbeans.org/ns/project-private/1">
    <editor-bookmarks xmlns="http://www.netbeans.org/ns/editor-bookmarks/2" lastBookmarkId="0"/>
    <open-files xmlns="http://www.netbeans.org/ns/projectui-open-files/2">
        <group name="Paradigmas III">
            <file>file:/C:/Users/Hugo%20Chanampe/Documents/NetBeansProjects/Paradigmas%20III/Unidad%20I/SistemaBanco/src/objetos/TarjetaDebito.java</file>
            <file>file:/C:/Users/Hugo%20Chanampe/Documents/NetBeansProjects/Paradigmas%20III/Unidad%20I/SistemaBanco/src/sistemabanco/SistemaBanco.java</file>
            <file>file:/C:/Users/Hugo%20Chanampe/Documents/NetBeansProjects/Paradigmas%20III/Unidad%20I/SistemaBanco/src/objetos/CajaAhorro.java</file>
            <file>file:/C:/Users/Hugo%20Chanampe/Documents/NetBeansProjects/Paradigmas%20III/Unidad%20I/SistemaBanco/src/objetos/IFinanciacion.java</file>
            <file>file:/C:/Users/Hugo%20Chanampe/Documents/NetBeansProjects/Paradigmas%20III/Unidad%20I/SistemaBanco/src/objetos/CuentaCorriente.java</file>
            <file>file:/C:/Users/Hugo%20Chanampe/Documents/NetBeansProjects/Paradigmas%20III/Unidad%20I/SistemaBanco/src/objetos/Banco.java</file>
            <file>file:/C:/Users/Hugo%20Chanampe/Documents/NetBeansProjects/Paradigmas%20III/Unidad%20I/SistemaBanco/src/objetos/Cuenta.java</file>
            <file>file:/C:/Users/Hugo%20Chanampe/Documents/NetBeansProjects/Paradigmas%20III/Unidad%20I/SistemaBanco/src/objetos/Cliente.java</file>
            <file>file:/C:/Users/Hugo%20Chanampe/Documents/NetBeansProjects/Paradigmas%20III/Unidad%20I/SistemaBanco/src/objetos/ITransaccion.java</file>
            <file>file:/C:/Users/Hugo%20Chanampe/Documents/NetBeansProjects/Paradigmas%20III/Unidad%20I/SistemaBanco/src/objetos/TarjetaCredito.java</file>
            <file>file:/C:/Users/Hugo%20Chanampe/Documents/NetBeansProjects/Paradigmas%20III/Unidad%20I/SistemaBanco/src/objetos/TarjetaBanco.java</file>
        </group>
    </open-files>
</project-private>
