<?xml version="1.0" encoding="UTF-8"?>
<project-private xmlns="http://www.netbeans.org/ns/project-private/1">
    <editor-bookmarks xmlns="http://www.netbeans.org/ns/editor-bookmarks/2" lastBookmarkId="0"/>
    <open-files xmlns="http://www.netbeans.org/ns/projectui-open-files/2">
        <group name="Paradigmas III">
            <file>file:/C:/Users/Hugo%20Chanampe/Documents/NetBeansProjects/Paradigmas%20III/Unidad%20V/DemoDAO/src/demodao/objetos/Categoria.java</file>
            <file>file:/C:/Users/Hugo%20Chanampe/Documents/NetBeansProjects/Paradigmas%20III/Unidad%20V/DemoDAO/src/demodao/controladores/ProductoDaoImpl.java</file>
            <file>file:/C:/Users/Hugo%20Chanampe/Documents/NetBeansProjects/Paradigmas%20III/Unidad%20V/DemoDAO/src/demodao/ui/grillas/GrillaCliente.java</file>
            <file>file:/C:/Users/Hugo%20Chanampe/Documents/NetBeansProjects/Paradigmas%20III/Unidad%20V/DemoDAO/src/demodao/controladores/CategoriaDao.java</file>
            <file>file:/C:/Users/Hugo%20Chanampe/Documents/NetBeansProjects/Paradigmas%20III/Unidad%20V/DemoDAO/src/demodao/controladores/ClienteDao.java</file>
            <file>file:/C:/Users/Hugo%20Chanampe/Documents/NetBeansProjects/Paradigmas%20III/Unidad%20V/DemoDAO/src/demodao/ui/grillas/GrillaProducto.java</file>
            <file>file:/C:/Users/Hugo%20Chanampe/Documents/NetBeansProjects/Paradigmas%20III/Unidad%20V/DemoDAO/src/demodao/ui/Principal.java</file>
            <file>file:/C:/Users/Hugo%20Chanampe/Documents/NetBeansProjects/Paradigmas%20III/Unidad%20V/DemoDAO/src/demodao/controladores/ClienteDaoImpl.java</file>
            <file>file:/C:/Users/Hugo%20Chanampe/Documents/NetBeansProjects/Paradigmas%20III/Unidad%20V/DemoDAO/src/demodao/controladores/ProductoDao.java</file>
            <file>file:/C:/Users/Hugo%20Chanampe/Documents/NetBeansProjects/Paradigmas%20III/Unidad%20V/DemoDAO/src/demodao/controladores/CustomerDaoImpl.java</file>
            <file>file:/C:/Users/Hugo%20Chanampe/Documents/NetBeansProjects/Paradigmas%20III/Unidad%20V/DemoDAO/src/demodao/objetos/Producto.java</file>
            <file>file:/C:/Users/Hugo%20Chanampe/Documents/NetBeansProjects/Paradigmas%20III/Unidad%20V/DemoDAO/src/demodao/ui/abm/AbmCliente2.java</file>
        </group>
    </open-files>
</project-private>
